<?xml version="1.0" encoding="UTF-8" standalone="yes"?>
<addon id="repository.kodinerds_Generic_x68_64" name="kodinerds.net Binary Addons for Linux_x86_64" version="1.0.7" provider-name="L0RE">
	<extension point="xbmc.addon.repository" name="L0RE">
		<info compressed="true">https://raw.githubusercontent.com/kodinerds/binary-repo/master/Generic_x68_64/addons.xml</info>
		<checksum>https://raw.githubusercontent.com/kodinerds/binary-repo/master/Generic_x68_64/addons.xml.md5</checksum>
		<datadir zip="true">https://raw.githubusercontent.com/kodinerds/binary-repo/master/Generic_x68_64/</datadir>
	</extension>
	<extension point="xbmc.addon.metadata">
		<summary>Repo offline, Addons bitte aus dem Distributions oder Plattform Repo beziehen.</summary>
		<description>Repo offline, Addons bitte aus dem Distributions oder Plattform Repo beziehen.</description>
		<disclaimer></disclaimer>
		<platform>linux</platform>
		
	</extension>
</addon>
