<?xml version="1.0" encoding="UTF-8"?>
<addon
  id="inputstream.smoothstream"
  version="1.1.3"
  name="InputStream SmoothStreamingMedia"
  provider-name="peak3d">
  <requires>
    <import addon="kodi.inputstream" version="1.0.4"/>
  </requires>
  <extension
    point="kodi.inputstream"
    name="smoothstream"
    extension=".ism"
    tags="true"
    listitemprops="license_type|license_key|license_data"
    library_osx="inputstream.smoothstream.1.1.3.dylib"/>
  <extension point="xbmc.addon.metadata">
    <summary lang="en">InputStream Client for SmoothStreamingMedia files</summary>
    <description lang="en">InputStream Client for SmoothStreamingMedia files</description>
    <platform>osx</platform>
  </extension>
</addon>
