<?xml version="1.0" encoding="UTF-8" standalone="yes"?>
<addon id="repository.kodinerds_Odroid_C2" name="kodinerds.net Binary Addons for AML S905 based devices" version="1.0.3" provider-name="L0RE">
	<extension point="xbmc.addon.repository" name="L0RE">
		<info compressed="true">https://raw.githubusercontent.com/kodinerds/binary-repo/master/S905/addons.xml</info>
		<checksum>https://raw.githubusercontent.com/kodinerds/binary-repo/master/S905/addons.xml.md5</checksum>
		<datadir zip="true">https://raw.githubusercontent.com/kodinerds/binary-repo/master/S905/</datadir>
	</extension>
	<extension point="xbmc.addon.metadata">
		<summary>A Kodi 17 binary addon repository for AML S905 based devices</summary>
		<description>None of the addons are checkted against other projects then Odroid_C2.
			Use them, on other AML S905 based devices, at your own risk! 
			We are not responsible for any damage or data loss!</description>
		<disclaimer>Some parts of this addons may not be legal in your country of residence - please check with
			your local laws before installing.</disclaimer>
		<platform>linux</platform>
	</extension>
</addon>
