<?xml version="1.0" encoding="UTF-8"?>
<addon id="inputstream.smoothstream" version="1.2.4" name="InputStream SmoothStreamingMedia" provider-name="peak3d">
  <requires>
    <import addon="kodi.inputstream" version="1.0.6"/>
    <import addon="inputstream.mpd" version="1.2.18"/>
  </requires>
  <extension point="kodi.inputstream" name="smoothstream" extension=".ism" tags="true" listitemprops="license_type|license_key|license_data" library_windows="inputstream.smoothstream.dll"/>
  <extension point="xbmc.addon.metadata">
    <summary lang="en">InputStream Client for SmoothStreamingMedia files</summary>
    <description lang="en">InputStream Client for SmoothStreamingMedia files</description>
    <platform>windows</platform>
  </extension>
</addon>
