<?xml version="1.0" encoding="UTF-8" standalone="yes"?>
<addon id="repository.kodinerds-OSX_64" name="kodinerds.net Binary Addons for OSX 64" version="1.0.1" provider-name="L0RE">
	<extension point="xbmc.addon.repository" name="L0RE">
		<info compressed="true">https://raw.githubusercontent.com/kodinerds/binary-repo/master/OSX_64/addons.xml</info>
		<checksum>https://github.com/kodinerds/binary-repo/blob/master/OSX_64/addons.xml.md5</checksum>
		<datadir zip="true">https://raw.githubusercontent.com/kodinerds/repo/master/OSX_64</datadir>
	</extension>
	<extension point="xbmc.addon.metadata">
		<summary>Most of the addon have been abandoned, and Patched by someone new. Or have been Found without someone loosing them</summary>
		<description>Most of the addon have been abandoned, and Patched by someone new. Or have been Found without someone loosing them</description>
		<disclaimer></disclaimer>
		<platform>all</platform>
	</extension>
</addon>
