<?xml version="1.0" encoding="UTF-8"?>
<addon
  id="inputstream.rtmp"
  version="1.0.0"
  name="RTMP Input"
  provider-name="spiff">
  <requires>
    <import addon="kodi.inputstream" version="1.0.0"/>
  </requires>
  <extension
    point="kodi.inputstream"
    name="rtmp"
    protocols="rtmp|rtmpt|rtmpe|rtmpte|rtmps"
    library_linux="inputstream.rtmp.so.1.0.0" />
  <extension point="xbmc.addon.metadata">
    <summary lang="en">InputStream Client for RTMP streams</summary>
    <description lang="en">InputStream Client for RTMP streams using librtmp</description>
    <platform>linux</platform>
  </extension>
</addon>
