<?xml version="1.0" encoding="UTF-8"?>
<addon
  id="inputstream.mpd"
  version="1.1.9"
  name="InputStream MPEG DASH"
  provider-name="peak3d">
  <requires>
    <import addon="kodi.inputstream" version="1.0.4"/>
  </requires>
  <extension
    point="kodi.inputstream"
    name="mpd"
    extension=".mpd"
    tags="true"
    listitemprops="license_type|license_key"
    library_windows="inputstream.mpd.dll"/>
  <extension point="xbmc.addon.metadata">
    <summary lang="en">InputStream Client for MPEG DASH files</summary>
    <description lang="en">InputStream Client for MPEG DASH files</description>
    <platform>windows</platform>
  </extension>
</addon>
